{"count":1,"gauges":{},"self":31.085657599999998,"total":31.321863099999998,"children":{"AgentSendState":{"count":661,"self":0.0219392,"total":0.0249318,"children":{"CollectObservations":{"count":532,"self":0.0029925999999999998,"total":0.0029925999999999998,"children":null}}},"DecideAction":{"count":661,"self":0.1769664,"total":0.1973289,"children":{"RayPerceptionSensor.Perceive":{"count":1197,"self":0.0203625,"total":0.0203625,"children":null}}},"AgentAct":{"count":661,"self":0.0129465,"total":0.0129465,"children":null}}}