{"count":1,"self":903.2594432,"total":2442.7696782999997,"children":{"AgentSendState":{"count":1070301,"self":71.2631296,"total":398.8040259,"children":{"CollectObservations":{"count":3425024,"self":19.1670736,"total":19.167074,"children":null},"CollectDiscreteActionMasks":{"count":3425024,"self":9.6091112,"total":9.6091113,"children":null},"AgentInfo.ToProto":{"count":3425024,"self":27.768767999999998,"total":298.7647124,"children":{"GenerateSensorData":{"count":3425024,"self":89.5055168,"total":270.995945,"children":{"RayPerceptionSensor.Perceive":{"count":10275072,"self":181.490432,"total":181.4904273,"children":null}}}}}}},"DecideAction":{"count":1070301,"self":1074.840064,"total":1074.8400964999998,"children":null},"AgentAct":{"count":1070301,"self":64.113721599999991,"total":65.0567337,"children":{"AgentInfo.ToProto":{"count":8742,"self":0.078748699999999991,"total":0.9430134,"children":{"GenerateSensorData":{"count":8742,"self":0.27786099999999997,"total":0.8642647,"children":{"RayPerceptionSensor.Perceive":{"count":26226,"self":0.5864037,"total":0.5864037,"children":null}}}}}}},"AgentInfo.ToProto":{"count":7072,"self":0.10364079999999999,"total":0.8083402,"children":{"GenerateSensorData":{"count":7072,"self":0.23037719999999998,"total":0.7046994,"children":{"RayPerceptionSensor.Perceive":{"count":21216,"self":0.47432219999999997,"total":0.47432219999999997,"children":null}}}}}},"gauges":{"AircraftLearning.CumulativeReward":{"count":15814,"max":27.96848,"min":-2.06001,"runningAverage":2.92663074,"value":11.9003963,"weightedAverage":10.5973129}},"metadata":{"timer_format_version":"0.1.0","start_time_seconds":"1590110978","unity_version":"2019.3.0f6","command_line_arguments":"C:\\Program Files\\2019.3.0f6\\Editor\\Unity.exe -projectpath C:\/Users\/ak12\/Documents\/Code\/GitRepos\/mla_planes_course\/Aircraft -useHub -hubIPC -cloudEnvironment production -hubSessionId 86943450-9840-11ea-a918-4dcc60d17aed -accessToken MAT9xKLKlR5xUwvHbsCPFnDCqDcjktOyJIG3YB0RgVM012f","communication_protocol_version":"1.0.0","com.unity.ml-agents_version":"1.0.2-preview","scene_name":"Training","end_time_seconds":"1590113421"}}